ID,Nam sinh,Chieu cao,Can nang,Nhiet do
0,1946,204,63,38.945650546591544
1,1980,197,87,39.7372005645909
2,1971,197,38,38.32163759649595
3,1932,216,84,39.13398497689455
4,1990,167,112,38.3284049858094
5,1957,131,60,43.018544497336485
6,1938,207,77,40.320394352879255
7,1973,211,47,40.12016087396347
8,1972,196,106,36.80298698619625
9,1971,204,67,41.879278947486576
